<?xml version="1.0" encoding="UTF-8" ?>
<XMLDB PATH="local/student_registration/db" VERSION="20200727" COMMENT="XMLDB file for Moodle local/student_registration"
    xmlns:xsi="http://www.w3.org/2001/XMLSchema-instance"
    xsi:noNamespaceSchemaLocation="../../../lib/xmldb/xmldb.xsd"
>
  <TABLES>
    <TABLE NAME="sr_active_study_course" COMMENT="sr_active_study_course table retrofitted from MySQL">
      <FIELDS>
        <FIELD NAME="id" TYPE="int" LENGTH="18" NOTNULL="true" SEQUENCE="true"/>
        <FIELD NAME="study_course_name" TYPE="char" LENGTH="255" NOTNULL="false" SEQUENCE="false"/>
        <FIELD NAME="study_course_abbreviation" TYPE="char" LENGTH="45" NOTNULL="false" SEQUENCE="false"/>
        <FIELD NAME="start_date" TYPE="datetime" NOTNULL="false" SEQUENCE="false"/>
        <FIELD NAME="end_date" TYPE="datetime" NOTNULL="false" SEQUENCE="false"/>
        <FIELD NAME="sr_process_id" TYPE="int" LENGTH="18" NOTNULL="true" DEFAULT="0" SEQUENCE="false"/>
        <FIELD NAME="course_capacity" TYPE="int" LENGTH="18" NOTNULL="false" SEQUENCE="false"/>
        <FIELD NAME="sr_employees_id" TYPE="int" LENGTH="18" NOTNULL="false" SEQUENCE="false"/>
        <FIELD NAME="sr_study_fields_id" TYPE="int" LENGTH="18" NOTNULL="false" SEQUENCE="false"/>
        <FIELD NAME="usermodified" TYPE="int" LENGTH="10" NOTNULL="true" DEFAULT="0" SEQUENCE="false"/>
        <FIELD NAME="timecreated" TYPE="datetime" NOTNULL="false" SEQUENCE="false"/>
        <FIELD NAME="timemodified" TYPE="int" LENGTH="10" NOTNULL="true" DEFAULT="0" SEQUENCE="false"/>
        <FIELD NAME="closed" TYPE="int" LENGTH="10" NOTNULL="false" DEFAULT="0" SEQUENCE="false"/>
      </FIELDS>
      <KEYS>
        <KEY NAME="primary" TYPE="primary" FIELDS="id"/>
        <KEY NAME="sr_employees_id" TYPE="foreign" FIELDS="sr_employees_id" REFTABLE="user" REFFIELDS="id"/>
        <KEY NAME="sr_study_fields_id" TYPE="foreign" FIELDS="sr_study_fields_id" REFTABLE="sr_study_fields" REFFIELDS="id"/>
        <KEY NAME="usermodified" TYPE="foreign" FIELDS="usermodified" REFTABLE="user" REFFIELDS="id"/>
        <KEY NAME="sr_process_id" TYPE="foreign" FIELDS="sr_process_id" REFTABLE="sr_process" REFFIELDS="id"/>
      </KEYS>
    </TABLE>
    <TABLE NAME="sr_capacity_planning" COMMENT="sr_capacity_planning table retrofitted from MySQL">
      <FIELDS>
        <FIELD NAME="id" TYPE="int" LENGTH="18" NOTNULL="true" SEQUENCE="true"/>
        <FIELD NAME="initial_demand" TYPE="int" LENGTH="18" NOTNULL="false" SEQUENCE="false"/>
        <FIELD NAME="sr_process_id" TYPE="int" LENGTH="18" NOTNULL="false" SEQUENCE="false"/>
        <FIELD NAME="sr_study_fields_id" TYPE="int" LENGTH="18" NOTNULL="false" SEQUENCE="false"/>
        <FIELD NAME="sr_company_representative_id" TYPE="int" LENGTH="18" NOTNULL="false" SEQUENCE="false"/>
        <FIELD NAME="usermodified" TYPE="int" LENGTH="10" NOTNULL="true" DEFAULT="0" SEQUENCE="false"/>
        <FIELD NAME="timecreated" TYPE="datetime" NOTNULL="false" SEQUENCE="false"/>
        <FIELD NAME="timemodified" TYPE="int" LENGTH="10" NOTNULL="true" DEFAULT="0" SEQUENCE="false"/>
      </FIELDS>
      <KEYS>
        <KEY NAME="primary" TYPE="primary" FIELDS="id"/>
        <KEY NAME="sr_process_id" TYPE="foreign" FIELDS="sr_process_id" REFTABLE="sr_process" REFFIELDS="id"/>
        <KEY NAME="sr_study_fields_id" TYPE="foreign" FIELDS="sr_study_fields_id" REFTABLE="sr_study_fields" REFFIELDS="id"/>
        <KEY NAME="sr_company_representative_id" TYPE="foreign" FIELDS="sr_company_representative_id" REFTABLE="dg_company_representative" REFFIELDS="id"/>
        <KEY NAME="usermodified" TYPE="foreign" FIELDS="usermodified" REFTABLE="user" REFFIELDS="id"/>
      </KEYS>
    </TABLE>
    <TABLE NAME="sr_study_programs" COMMENT="sr_study_programs table retrofitted from MySQL">
      <FIELDS>
        <FIELD NAME="id" TYPE="int" LENGTH="18" NOTNULL="true" SEQUENCE="true"/>
        <FIELD NAME="study_program_name" TYPE="char" LENGTH="255" NOTNULL="false" SEQUENCE="false"/>
        <FIELD NAME="description" TYPE="char" LENGTH="455" NOTNULL="false" SEQUENCE="false"/>
        <FIELD NAME="valid_from" TYPE="datetime" NOTNULL="false" SEQUENCE="false"/>
        <FIELD NAME="valid_to" TYPE="datetime" NOTNULL="false" SEQUENCE="false"/>
        <FIELD NAME="old" TYPE="int" LENGTH="1" NOTNULL="false" DEFAULT="0" SEQUENCE="false"/>
      </FIELDS>
      <KEYS>
        <KEY NAME="primary" TYPE="primary" FIELDS="id"/>
      </KEYS>
    </TABLE>
    <TABLE NAME="sr_study_fields" COMMENT="sr_study_fields table retrofitted from MySQL">
      <FIELDS>
        <FIELD NAME="id" TYPE="int" LENGTH="18" NOTNULL="true" SEQUENCE="true"/>
        <FIELD NAME="study_field_name" TYPE="char" LENGTH="255" NOTNULL="false" SEQUENCE="false"/>
        <FIELD NAME="description" TYPE="char" LENGTH="455" NOTNULL="false" SEQUENCE="false"/>
        <FIELD NAME="old" TYPE="int" LENGTH="1" NOTNULL="false" DEFAULT="0" SEQUENCE="false"/>
        <FIELD NAME="sr_study_programs_id" TYPE="int" LENGTH="18" NOTNULL="false" SEQUENCE="false"/>
      </FIELDS>
      <KEYS>
        <KEY NAME="primary" TYPE="primary" FIELDS="id"/>
        <KEY NAME="sr_study_programs_id" TYPE="foreign" FIELDS="sr_study_programs_id" REFTABLE="sr_study_programs" REFFIELDS="id"/>
      </KEYS>
    </TABLE>
    <TABLE NAME="sr_process" COMMENT="sr_process table retrofitted from MySQL">
      <FIELDS>
        <FIELD NAME="id" TYPE="int" LENGTH="18" NOTNULL="true" SEQUENCE="true"/>
        <FIELD NAME="program_name" TYPE="char" LENGTH="255" NOTNULL="false" SEQUENCE="false"/>
        <FIELD NAME="start_date" TYPE="datetime" NOTNULL="false" SEQUENCE="false"/>
        <FIELD NAME="end_date" TYPE="datetime" NOTNULL="false" SEQUENCE="false"/>
        <FIELD NAME="start_date_for_a" TYPE="datetime" NOTNULL="false" SEQUENCE="false"/>
        <FIELD NAME="start_date_for_b" TYPE="datetime" NOTNULL="false" SEQUENCE="false"/>
        <FIELD NAME="closed" TYPE="int" LENGTH="1" NOTNULL="false" DEFAULT="0" SEQUENCE="false" COMMENT="0 for closed and 1 for open"/>
        <FIELD NAME="director_id" TYPE="int" LENGTH="18" NOTNULL="false" SEQUENCE="false"/>
        <FIELD NAME="sr_study_programs_id" TYPE="int" LENGTH="18" NOTNULL="false" SEQUENCE="false"/>
        <FIELD NAME="usermodified" TYPE="int" LENGTH="10" NOTNULL="true" DEFAULT="0" SEQUENCE="false"/>
        <FIELD NAME="timecreated" TYPE="datetime" NOTNULL="false" SEQUENCE="false"/>
        <FIELD NAME="timemodified" TYPE="int" LENGTH="10" NOTNULL="true" DEFAULT="0" SEQUENCE="false"/>
        <FIELD NAME="semester" TYPE="char" LENGTH="255" NOTNULL="false" DEFAULT="Winter Semester" SEQUENCE="false" COMMENT="Winter &amp;amp; Summer semesters"/>
      </FIELDS>
      <KEYS>
        <KEY NAME="primary" TYPE="primary" FIELDS="id"/>
        <KEY NAME="director_id" TYPE="foreign" FIELDS="director_id" REFTABLE="user" REFFIELDS="id"/>
        <KEY NAME="sr_study_programs_id" TYPE="foreign" FIELDS="sr_study_programs_id" REFTABLE="sr_study_programs" REFFIELDS="id"/>
        <KEY NAME="usermodified" TYPE="foreign" FIELDS="usermodified" REFTABLE="user" REFFIELDS="id"/>
      </KEYS>
    </TABLE>
    <TABLE NAME="sr_reservation_list" COMMENT="sr_reservation_list table retrofitted from MySQL">
      <FIELDS>
        <FIELD NAME="id" TYPE="int" LENGTH="18" NOTNULL="true" SEQUENCE="true"/>
        <FIELD NAME="first_name" TYPE="char" LENGTH="45" NOTNULL="false" SEQUENCE="false"/>
        <FIELD NAME="last_name" TYPE="char" LENGTH="45" NOTNULL="false" SEQUENCE="false"/>
        <FIELD NAME="date_of_birth" TYPE="char" LENGTH="10" NOTNULL="false" DEFAULT="2000-01-01" SEQUENCE="false"/>
        <FIELD NAME="contract_sent" TYPE="int" LENGTH="1" NOTNULL="false" DEFAULT="0" SEQUENCE="false" COMMENT="0 for not sent and 1 for sent"/>
        <FIELD NAME="contract_received" TYPE="int" LENGTH="1" NOTNULL="false" DEFAULT="0" SEQUENCE="false" COMMENT="0 for not received and 1 for received"/>
        <FIELD NAME="contract_withdrawn" TYPE="int" LENGTH="1" NOTNULL="false" DEFAULT="0" SEQUENCE="false" COMMENT="0 for not withdrawn and 1 for withdrawn"/>
        <FIELD NAME="private_email" TYPE="char" LENGTH="255" NOTNULL="false" SEQUENCE="false"/>
        <FIELD NAME="sr_company_representative_id" TYPE="int" LENGTH="18" NOTNULL="false" SEQUENCE="false"/>
        <FIELD NAME="sr_active_study_course_id" TYPE="int" LENGTH="18" NOTNULL="false" SEQUENCE="false"/>
        <FIELD NAME="sr_process_id" TYPE="int" LENGTH="18" NOTNULL="false" SEQUENCE="false"/>
        <FIELD NAME="sr_study_fields_id" TYPE="int" LENGTH="18" NOTNULL="false" SEQUENCE="false"/>
        <FIELD NAME="usermodified" TYPE="int" LENGTH="10" NOTNULL="true" DEFAULT="0" SEQUENCE="false"/>
        <FIELD NAME="timecreated" TYPE="datetime" NOTNULL="false" SEQUENCE="false"/>
        <FIELD NAME="timemodified" TYPE="int" LENGTH="10" NOTNULL="true" DEFAULT="0" SEQUENCE="false"/>
        <FIELD NAME="contract_status" TYPE="char" LENGTH="45" NOTNULL="false" DEFAULT="Not Signed" SEQUENCE="false"/>
      </FIELDS>
      <KEYS>
        <KEY NAME="primary" TYPE="primary" FIELDS="id"/>
        <KEY NAME="sr_company_representative_id" TYPE="foreign" FIELDS="sr_company_representative_id" REFTABLE="dg_company_representative" REFFIELDS="id"/>
        <KEY NAME="sr_active_study_course_id" TYPE="foreign" FIELDS="sr_active_study_course_id" REFTABLE="sr_active_study_course" REFFIELDS="id"/>
        <KEY NAME="sr_process_id" TYPE="foreign" FIELDS="sr_process_id" REFTABLE="sr_process" REFFIELDS="id"/>
        <KEY NAME="sr_study_fields_id" TYPE="foreign" FIELDS="sr_study_fields_id" REFTABLE="sr_study_fields" REFFIELDS="id"/>
        <KEY NAME="usermodified" TYPE="foreign" FIELDS="usermodified" REFTABLE="user" REFFIELDS="id"/>
      </KEYS>
      <INDEXES>
        <INDEX NAME="mdl_srreselist_firlas_ix" UNIQUE="false" FIELDS="first_name, last_name"/>
      </INDEXES>
    </TABLE>
    <TABLE NAME="sr_waiting_list" COMMENT="sr_waiting_list table retrofitted from MySQL">
      <FIELDS>
        <FIELD NAME="id" TYPE="int" LENGTH="18" NOTNULL="true" SEQUENCE="true"/>
        <FIELD NAME="first_name" TYPE="char" LENGTH="45" NOTNULL="false" SEQUENCE="false"/>
        <FIELD NAME="last_name" TYPE="char" LENGTH="45" NOTNULL="false" SEQUENCE="false"/>
        <FIELD NAME="date_of_birth" TYPE="char" LENGTH="10" NOTNULL="false" DEFAULT="2000-01-01" SEQUENCE="false"/>
        <FIELD NAME="private_email" TYPE="char" LENGTH="255" NOTNULL="false" SEQUENCE="false"/>
        <FIELD NAME="moved_to_rl" TYPE="int" LENGTH="1" NOTNULL="false" DEFAULT="0" SEQUENCE="false"/>
        <FIELD NAME="sr_company_representative_id" TYPE="int" LENGTH="18" NOTNULL="false" SEQUENCE="false"/>
        <FIELD NAME="sr_process_id" TYPE="int" LENGTH="18" NOTNULL="false" SEQUENCE="false"/>
        <FIELD NAME="sr_study_fields_id" TYPE="int" LENGTH="18" NOTNULL="false" SEQUENCE="false"/>
        <FIELD NAME="usermodified" TYPE="int" LENGTH="10" NOTNULL="true" DEFAULT="0" SEQUENCE="false"/>
        <FIELD NAME="timecreated" TYPE="datetime" NOTNULL="false" SEQUENCE="false"/>
        <FIELD NAME="timemodified" TYPE="int" LENGTH="10" NOTNULL="true" DEFAULT="0" SEQUENCE="false"/>
      </FIELDS>
      <KEYS>
        <KEY NAME="primary" TYPE="primary" FIELDS="id"/>
        <KEY NAME="sr_company_representative_id" TYPE="foreign" FIELDS="sr_company_representative_id" REFTABLE="dg_company_representative" REFFIELDS="id"/>
        <KEY NAME="sr_process_id" TYPE="foreign" FIELDS="sr_process_id" REFTABLE="sr_process" REFFIELDS="id"/>
        <KEY NAME="sr_study_fields_id" TYPE="foreign" FIELDS="sr_study_fields_id" REFTABLE="sr_study_fields" REFFIELDS="id"/>
        <KEY NAME="usermodified" TYPE="foreign" FIELDS="usermodified" REFTABLE="user" REFFIELDS="id"/>
      </KEYS>
      <INDEXES>
        <INDEX NAME="mdl_srwaitlist_firlas_ix" UNIQUE="false" FIELDS="first_name, last_name"/>
      </INDEXES>
    </TABLE>
    <TABLE NAME="sr_study_places_status" COMMENT="sr_study_places_status table retrofitted from MySQL">
      <FIELDS>
        <FIELD NAME="id" TYPE="int" LENGTH="18" NOTNULL="true" SEQUENCE="true"/>
        <FIELD NAME="study_places_available" TYPE="int" LENGTH="18" NOTNULL="false" SEQUENCE="false"/>
        <FIELD NAME="current_demand" TYPE="int" LENGTH="18" NOTNULL="false" SEQUENCE="false"/>
        <FIELD NAME="sr_study_fields_id" TYPE="int" LENGTH="18" NOTNULL="false" SEQUENCE="false"/>
        <FIELD NAME="sr_process_id" TYPE="int" LENGTH="18" NOTNULL="false" SEQUENCE="false"/>
        <FIELD NAME="usermodified" TYPE="int" LENGTH="10" NOTNULL="true" DEFAULT="0" SEQUENCE="false"/>
        <FIELD NAME="timecreated" TYPE="int" LENGTH="10"  NOTNULL="true" DEFAULT="0" SEQUENCE="false"/>
        <FIELD NAME="timemodified" TYPE="int" LENGTH="10" NOTNULL="true" DEFAULT="0" SEQUENCE="false"/>
      </FIELDS>
      <KEYS>
        <KEY NAME="primary" TYPE="primary" FIELDS="id"/>
        <KEY NAME="sr_study_fields_id" TYPE="foreign" FIELDS="sr_study_fields_id" REFTABLE="sr_study_fields" REFFIELDS="id"/>
        <KEY NAME="sr_process_id" TYPE="foreign" FIELDS="sr_process_id" REFTABLE="sr_process" REFFIELDS="id"/>
        <KEY NAME="usermodified" TYPE="foreign" FIELDS="usermodified" REFTABLE="user" REFFIELDS="id"/>
      </KEYS>
    </TABLE>
    <TABLE NAME="sr_management_tiles" COMMENT="table for holding management tiles attributes">
      <FIELDS>
        <FIELD NAME="id" TYPE="int" LENGTH="10" NOTNULL="true" SEQUENCE="true"/>
        <FIELD NAME="title" TYPE="char" LENGTH="255" NOTNULL="false" SEQUENCE="false"/>
        <FIELD NAME="button_name" TYPE="char" LENGTH="255" NOTNULL="false" SEQUENCE="false"/>
        <FIELD NAME="button_url" TYPE="char" LENGTH="455" NOTNULL="false" SEQUENCE="false"/>
        <FIELD NAME="button_icon" TYPE="char" LENGTH="255" NOTNULL="false" SEQUENCE="false" COMMENT="bootstrap icon class e.g. fa fa-user"/>
        <FIELD NAME="list_element_1" TYPE="char" LENGTH="455" NOTNULL="false" SEQUENCE="false"/>
        <FIELD NAME="list_element_2" TYPE="char" LENGTH="455" NOTNULL="false" SEQUENCE="false"/>
        <FIELD NAME="list_element_3" TYPE="char" LENGTH="455" NOTNULL="false" SEQUENCE="false"/>
        <FIELD NAME="list_element_4" TYPE="char" LENGTH="455" NOTNULL="false" SEQUENCE="false"/>
        <FIELD NAME="color" TYPE="char" LENGTH="255" NOTNULL="false" SEQUENCE="false" COMMENT="bootstrap default colors e.g. danger"/>
        <FIELD NAME="tile_order" TYPE="int" LENGTH="10" NOTNULL="false" SEQUENCE="false"/>
        <FIELD NAME="plugin" TYPE="char" LENGTH="255" NOTNULL="false" SEQUENCE="false"/>
        <FIELD NAME="user_id" TYPE="int" LENGTH="10" NOTNULL="false" SEQUENCE="false"/>
        <FIELD NAME="task_path" TYPE="char" LENGTH="455" NOTNULL="false" SEQUENCE="false"/>
        <FIELD NAME="function" TYPE="char" LENGTH="255" NOTNULL="false" SEQUENCE="false"/>
        <FIELD NAME="moodle_capability" TYPE="char" LENGTH="255" NOTNULL="false" SEQUENCE="false"/>
        <FIELD NAME="element_1_link" TYPE="char" LENGTH="455" NOTNULL="false" SEQUENCE="false"/>
        <FIELD NAME="element_2_link" TYPE="char" LENGTH="455" NOTNULL="false" SEQUENCE="false"/>
        <FIELD NAME="element_3_link" TYPE="char" LENGTH="455" NOTNULL="false" SEQUENCE="false"/>
        <FIELD NAME="element_4_link" TYPE="char" LENGTH="455" NOTNULL="false" SEQUENCE="false"/>
      </FIELDS>
      <KEYS>
        <KEY NAME="primary" TYPE="primary" FIELDS="id"/>
        <KEY NAME="user_id" TYPE="foreign" FIELDS="user_id" REFTABLE="user" REFFIELDS="id"/>
      </KEYS>
    </TABLE>
    <TABLE NAME="dg_company" COMMENT="This table holds information about the partner companies.">
      <FIELDS>
        <FIELD NAME="id" TYPE="int" LENGTH="10" NOTNULL="true" SEQUENCE="true"/>
        <FIELD NAME="company_name" TYPE="char" LENGTH="255" NOTNULL="false" SEQUENCE="false" COMMENT="legal entity name"/>
        <FIELD NAME="classification" TYPE="char" LENGTH="8" NOTNULL="false" DEFAULT="B" SEQUENCE="false" COMMENT="Only A or B company partner"/>
      </FIELDS>
      <KEYS>
        <KEY NAME="primary" TYPE="primary" FIELDS="id"/>
      </KEYS>
    </TABLE>
    <TABLE NAME="dg_company_representative" COMMENT="Partner company representatives' information. Used for course management and student registration">
      <FIELDS>
        <FIELD NAME="id" TYPE="int" LENGTH="10" NOTNULL="true" SEQUENCE="true"/>
        <FIELD NAME="first_name" TYPE="char" LENGTH="255" NOTNULL="false" SEQUENCE="false"/>
        <FIELD NAME="last_name" TYPE="char" LENGTH="255" NOTNULL="false" SEQUENCE="false"/>
        <FIELD NAME="email" TYPE="char" LENGTH="255" NOTNULL="false" SEQUENCE="false"/>
        <FIELD NAME="phone" TYPE="int" LENGTH="10" NOTNULL="false" SEQUENCE="false"/>
        <FIELD NAME="compnay_id" TYPE="int" LENGTH="10" NOTNULL="false" SEQUENCE="false"/>
        <FIELD NAME="mdl_user_id" TYPE="int" LENGTH="10" NOTNULL="false" SEQUENCE="false"/>
      </FIELDS>
      <KEYS>
        <KEY NAME="primary" TYPE="primary" FIELDS="id"/>
        <KEY NAME="compnay_id" TYPE="foreign" FIELDS="compnay_id" REFTABLE="dg_company" REFFIELDS="id"/>
        <KEY NAME="mdl_user_id" TYPE="foreign-unique" FIELDS="mdl_user_id" REFTABLE="user" REFFIELDS="id"/>
      </KEYS>
    </TABLE>
    <TABLE NAME="sr_process_settings" COMMENT="Student Registration user settings and prefernces">
      <FIELDS>
        <FIELD NAME="id" TYPE="int" LENGTH="10" NOTNULL="true" SEQUENCE="true"/>
        <FIELD NAME="user_id" TYPE="int" LENGTH="10" NOTNULL="false" SEQUENCE="false"/>
        <FIELD NAME="manual_waiting_list" TYPE="int" LENGTH="1" NOTNULL="false" DEFAULT="0" SEQUENCE="false"/>
      </FIELDS>
      <KEYS>
        <KEY NAME="primary" TYPE="primary" FIELDS="id"/>
        <KEY NAME="user_id" TYPE="foreign" FIELDS="user_id" REFTABLE="user" REFFIELDS="id"/>
      </KEYS>
    </TABLE>
  </TABLES>
</XMLDB>